First_Name,count
Michael,248
David,180
James,161
Jennifer,151
Christopher,131
John,129
Robert,128
Jessica,126
Matthew,115
Lisa,104
Daniel,100
Brian,98
William,95
Joseph,92
Michelle,90
Sarah,90
Melissa,83
Kimberly,81
Mary,81
Kevin,81
Mr.,81
Thomas,80
Anthony,78
Joshua,78
Amanda,78
Elizabeth,77
Jeffrey,76
Mark,75
Richard,73
Kelly,73
Ashley,73
Andrew,71
Timothy,71
Nicole,68
Jason,67
Dr.,63
Brandon,63
Angela,61
Ryan,61
Charles,60
Steven,59
Justin,59
Amy,59
Eric,58
Stephanie,58
Paul,55
Nicholas,53
Emily,52
Brittany,52
Mrs.,52
Megan,51
Christina,49
Jonathan,49
Scott,48
Heather,47
Kenneth,46
Susan,46
Rebecca,46
Edward,44
Samantha,44
Laura,43
Julie,43
Rachel,43
Adam,42
Patricia,41
Karen,41
Katherine,41
Aaron,40
Stephen,39
Jacob,38
Cynthia,38
Sandra,38
Jeremy,37
Gregory,37
Nancy,36
Danielle,36
Jamie,35
Crystal,35
Alexander,35
Lauren,34
Lori,34
Patrick,34
Jose,33
Andrea,33
Tammy,33
Christine,33
Shannon,32
Tina,31
Taylor,31
Sara,31
Zachary,31
Tiffany,31
Deborah,31
Dawn,29
Cheryl,29
Benjamin,29
Linda,29
Ronald,29
Tyler,28
Amber,28
Sharon,28
Shawn,28
Catherine,28
Maria,27
Monica,27
Kyle,27
Donna,26
Sean,26
Victoria,26
Bryan,26
Todd,26
Anna,26
Brenda,25
Nathan,25
Barbara,25
Donald,25
Denise,25
Keith,25
Randy,24
Gary,24
Dustin,24
Alicia,24
Holly,23
Kristen,23
Michele,23
Kathleen,23
Douglas,23
Wendy,23
Erica,23
Frank,23
Courtney,23
Larry,23
Vanessa,22
Jacqueline,22
April,22
Alexis,22
Erin,22
Jordan,21
Heidi,21
Robin,21
Hannah,21
Leslie,21
Derek,21
Peter,21
Tracy,21
Shane,20
Diana,20
Luis,20
Kayla,20
Tony,20
Carol,20
Teresa,20
Travis,20
Kathryn,19
Raymond,19
Austin,19
George,19
Cindy,19
Jill,19
Veronica,19
Alyssa,19
Ian,19
Theresa,18
Troy,18
Allison,18
Samuel,18
Bradley,18
Renee,18
Rhonda,18
Craig,18
Lindsey,18
Terry,17
Natalie,17
Jared,17
Kathy,17
Corey,17
Chelsea,17
Juan,17
Chad,17
Stacy,16
Erika,16
Dennis,16
Jesse,16
Phillip,16
Tara,16
Jerry,16
Debra,16
Kristin,16
Madison,15
Katie,15
Carrie,15
Janet,15
Sherry,15
Christian,15
Marcus,15
Dana,15
Morgan,15
Jasmine,15
Kristina,15
Carolyn,15
Sheila,15
Rodney,15
Kim,15
Regina,15
Pamela,14
Carlos,14
Angel,14
Tanya,14
Abigail,14
Alexandra,14
Shelly,14
Danny,13
Bruce,13
Melanie,13
Dylan,13
Leah,13
Tamara,13
Vincent,13
Brooke,13
Paula,13
Valerie,13
Kelsey,13
Joel,13
Erik,13
Wesley,13
Felicia,13
Cassandra,12
Cody,12
Ann,12
Ms.,12
Brandy,12
Laurie,12
Julia,12
Natasha,12
Philip,12
Derrick,11
Savannah,11
Krista,11
Dale,11
Henry,11
Cory,11
Brandi,11
Jeffery,11
Ralph,11
Brett,11
Gina,11
Margaret,11
Martin,11
Jay,11
Miranda,10
Janice,10
Randall,10
Bobby,10
Stacey,10
Bonnie,10
Johnny,10
Annette,10
Lee,10
Gabrielle,10
Brianna,10
Diane,10
Misty,10
Cameron,10
Kendra,10
Connie,10
Terri,10
Jeremiah,10
Walter,10
Jon,10
Ricky,10
Seth,9
Barry,9
Alex,9
Victor,9
Jimmy,9
Hayley,9
Brittney,9
Gabriel,9
Joe,9
Antonio,9
Mitchell,9
Jack,9
Mario,9
Steve,9
Darrell,9
Suzanne,9
Wayne,9
Albert,9
Virginia,9
Marie,9
Alison,9
Casey,9
Meghan,9
Russell,9
Yvonne,8
Lawrence,8
Katelyn,8
Curtis,8
Ruth,8
Manuel,8
Kristi,8
Kaitlyn,8
Trevor,8
Kari,8
Shelby,8
Kara,8
Tracey,8
Christy,8
Deanna,8
Jenna,8
Krystal,8
Edwin,8
Alan,8
Cathy,8
Debbie,8
Willie,8
Sydney,8
Melinda,8
Monique,7
Angelica,7
Whitney,7
Alexa,7
Miguel,7
Jorge,7
Bethany,7
Roger,7
Tonya,7
Lucas,7
Sabrina,7
Devin,7
Arthur,7
Evan,7
Rachael,7
Anita,7
Kristopher,7
Eddie,7
Frederick,7
Ernest,7
Anne,7
Carl,7
Joanna,7
Brent,7
Peggy,7
Darren,7
Marissa,7
Emma,7
Andre,7
Spencer,7
Jesus,7
Norma,7
Shelia,7
Yolanda,6
Carmen,6
Blake,6
Caitlin,6
Maureen,6
Chris,6
Desiree,6
Bailey,6
Gerald,6
Chase,6
Lindsay,6
Martha,6
Beth,6
Judith,6
Jenny,6
Kurt,6
Briana,6
Ellen,6
Allen,6
Kerry,6
Judy,6
Katrina,6
Glenn,6
Beverly,6
Ray,6
Hector,6
Gail,6
Meagan,6
Dorothy,6
Colin,6
Clayton,6
Luke,6
Lance,6
Reginald,5
Darlene,5
Jodi,5
Becky,5
Molly,5
Haley,5
Louis,5
Marilyn,5
Nichole,5
Caroline,5
Carla,5
Jean,5
Destiny,5
Brad,5
Marvin,5
Ana,5
Ethan,5
Lynn,5
Julian,5
Don,5
Rita,5
Doris,5
Harry,5
Riley,5
Shelley,5
Edgar,5
Caleb,5
Jane,5
Billy,5
Raven,5
Dean,5
Kaitlin,5
Logan,5
Kristine,5
Dakota,5
Miss,5
Adrian,5
Daisy,4
Mallory,4
Tricia,4
Bernard,4
Sandy,4
Evelyn,4
Ricardo,4
Shawna,4
Dalton,4
Chloe,4
Vickie,4
Dominique,4
Drew,4
Isaiah,4
Sergio,4
Sherri,4
Alejandro,4
Isaac,4
Brendan,4
Mia,4
Sophia,4
Dwayne,4
Alice,4
Nathaniel,4
Clinton,4
Bridget,4
Sonya,4
Elaine,4
Shari,4
Sonia,4
Betty,4
Wanda,4
Kent,4
Leon,4
Mike,4
Jerome,4
Helen,4
Olivia,4
Madeline,4
Wyatt,4
Selena,4
Roy,4
Shirley,4
Kaylee,4
Marisa,4
Meredith,4
Traci,4
Mason,4
Lorraine,4
Ronnie,4
Kelli,4
Micheal,4
Bianca,4
Kiara,4
Vernon,4
Joyce,4
Johnathan,4
Karla,4
Gloria,4
Audrey,4
Michaela,4
Jaclyn,4
Jillian,4
Gabriella,3
Breanna,3
Bryce,3
Sheri,3
Xavier,3
Sue,3
Adriana,3
Ariel,3
Sally,3
Tanner,3
Grace,3
Noah,3
Jaime,3
Calvin,3
Harold,3
Jody,3
Tammie,3
Carly,3
Hailey,3
Colton,3
Adrienne,3
Mercedes,3
Aimee,3
Ruben,3
Eugene,3
Shaun,3
Joan,3
Ross,3
Cesar,3
Francis,3
Herbert,3
Kristie,3
Mariah,3
Sierra,3
Rebekah,3
Claire,3
Grant,3
Patty,3
Charlotte,3
Cheyenne,3
Elijah,3
Gilbert,3
Colleen,3
Mckenzie,3
Jackson,3
Paige,3
Penny,3
Alejandra,3
Diamond,3
Marco,3
Tami,3
Fernando,3
Joanne,3
Kirsten,3
Dillon,3
Sheryl,3
Cole,3
Clifford,3
Malik,3
Joann,2
Darin,2
Melvin,2
Jonathon,2
Marc,2
Eileen,2
Bill,2
Candice,2
Gordon,2
Oscar,2
Mikayla,2
Howard,2
Rick,2
Jasmin,2
Isabella,2
Hayden,2
Sheena,2
Jeff,2
Claudia,2
Jake,2
Joy,2
Tim,2
Duane,2
Norman,2
Makayla,2
Clarence,2
Autumn,2
Garrett,2
Jeanette,2
Devon,2
Collin,2
Dan,2
Hunter,2
Dominic,2
Roberto,2
Jackie,2
Sylvia,2
Lacey,2
Tom,2
Cassidy,2
Cassie,2
Tristan,2
Maurice,2
Tracie,2
Toni,2
Jade,2
Alec,2
Levi,2
Chelsey,2
Tyrone,2
Jocelyn,2
Ashlee,2
Mindy,2
Priscilla,2
Yvette,2
Belinda,2
Ebony,2
Nina,2
Stacie,2
Damon,2
Latasha,2
Phyllis,2
Faith,2
Karina,2
Francisco,2
Tabitha,2
Loretta,2
Tommy,2
Charlene,2
Latoya,2
Connor,2
Stanley,2
Alexandria,2
Jermaine,2
Caitlyn,2
Bob,1
Tasha,1
Mandy,1
Ariana,1
Isabel,1
Vicki,1
Pedro,1
Jim,1
Ivan,1
Geoffrey,1
Alisha,1
Dave,1
Parker,1
Rickey,1
Glen,1
Christie,1
Brady,1
Javier,1
Kylie,1
Nicolas,1
Gavin,1
Jeanne,1
Jo,1
Lonnie,1
Leonard,1
Alfred,1
Earl,1
Gene,1
Leroy,1
Terrance,1
Maxwell,1
Alvin,1
Max,1
Darius,1
Perry,1
Melody,1
Angie,1
Kirk,1
Fred,1
Karl,1
Daryl,1
Roberta,1
Glenda,1
Kristy,1
Summer,1
Omar,1
Preston,1
